year-month,countriesAndTerritories,cases cumulative month,deaths cumulative month,year,month,%_exportaciones_bienes_servicios
2020-01,Czechia,0,0,2020,1,71
2020-01,Finland,2,0,2020,1,35.8
2020-01,France,6,0,2020,1,27.5
2020-01,Germany,11,0,2020,1,43.4
2020-01,Spain,33,0,2020,1,30.6
2020-02,Austria,8,0,2020,2,51.4
2020-02,Croatia,5,0,2020,2,42
2020-02,Czechia,0,0,2020,2,71
2020-02,Denmark,3,0,2020,2,54.9
2020-02,Estonia,1,0,2020,2,71.2
2020-02,Finland,8,0,2020,2,35.8
2020-02,France,94,0,2020,2,27.5
2020-02,Germany,125,1,2020,2,43.4
2020-02,Greece,5,0,2020,2,32
2020-02,Iceland,1,,2020,2,34.4
2020-02,Ireland,1,0,2020,2,131.1
2020-02,Italy,1128,29,2020,2,29.5
2020-02,Latvia,0,0,2020,2,60.4
2020-02,Lithuania,1,0,2020,2,73.5
2020-02,Luxembourg,1,0,2020,2,204.7
2020-02,Netherlands,2,0,2020,2,77.9
2020-02,Norway,22,,2020,2,32.2
2020-02,Portugal,0,0,2020,2,37
2020-02,Spain,1681,1,2020,2,30.6
2020-02,Sweden,14,0,2020,2,43.8
2020-03,Austria,10479,174,2020,3,51.4
2020-03,Belgium,16977,1411,2020,3,80
2020-03,Bulgaria,412,8,2020,3,55.3
2020-03,Croatia,862,6,2020,3,42
2020-03,Cyprus,262,6,2020,3,75.8
2020-03,Czechia,3316,35,2020,3,71
2020-03,Denmark,3173,110,2020,3,54.9
2020-03,Estonia,782,5,2020,3,71.2
2020-03,Finland,1788,58,2020,3,35.8
2020-03,France,52028,3523,2020,3,27.5
2020-03,Germany,73938,2683,2020,3,43.4
2020-03,Greece,1309,49,2020,3,32
2020-03,Hungary,492,16,2020,3,79
2020-03,Iceland,1085,2,2020,3,34.4
2020-03,Ireland,3234,71,2020,3,131.1
2020-03,Italy,104664,12399,2020,3,29.5
2020-03,Latvia,398,0,2020,3,60.4
2020-03,Liechtenstein,68,0,2020,3,:
2020-03,Lithuania,396,6,2020,3,73.5
2020-03,Luxembourg,2033,26,2020,3,204.7
2020-03,Malta,169,0,2020,3,152.2
2020-03,Netherlands,12447,1018,2020,3,77.9
2020-03,Norway,5085,26,2020,3,32.2
2020-03,Poland,2311,33,2020,3,55.9
2020-03,Portugal,7252,214,2020,3,37
2020-03,Romania,2245,82,2020,3,37.2
2020-03,Slovakia,400,1,2020,3,85.4
2020-03,Slovenia,842,13,2020,3,77.9
2020-03,Spain,165931,10388,2020,3,30.6
2020-03,Sweden,4820,332,2020,3,43.8
2020-04,Austria,5030,475,2020,4,51.4
2020-04,Belgium,33548,6488,2020,4,80
2020-04,Bulgaria,1129,58,2020,4,55.3
2020-04,Croatia,1209,63,2020,4,42
2020-04,Cyprus,588,9,2020,4,75.8
2020-04,Czechia,4386,207,2020,4,71
2020-04,Denmark,282,22,2020,4,54.9
2020-04,Estonia,907,45,2020,4,71.2
2020-04,Finland,3625,202,2020,4,35.8
2020-04,France,77453,20840,2020,4,27.5
2020-04,Germany,88185,5736,2020,4,43.4
2020-04,Greece,1277,91,2020,4,32
2020-04,Hungary,2283,296,2020,4,79
2020-04,Iceland,711,8,2020,4,34.4
2020-04,Ireland,17377,1161,2020,4,131.1
2020-04,Italy,99671,15539,2020,4,29.5
2020-04,Latvia,460,16,2020,4,60.4
2020-04,Liechtenstein,14,1,2020,4,:
2020-04,Lithuania,920,26,2020,4,73.5
2020-04,Luxembourg,1028,66,2020,4,204.7
2020-04,Malta,296,4,2020,4,152.2
2020-04,Netherlands,26610,3747,2020,4,77.9
2020-04,Norway,2679,176,2020,4,32.2
2020-04,Poland,10566,611,2020,4,55.9
2020-04,Portugal,16881,873,2020,4,37
2020-04,Romania,9995,635,2020,4,37.2
2020-04,Slovakia,1003,22,2020,4,85.4
2020-04,Slovenia,592,78,2020,4,77.9
2020-04,Spain,67632,15733,2020,4,30.6
2020-04,Sweden,16774,2543,2020,4,43.8
2020-05,Austria,1130,96,2020,5,51.4
2020-05,Belgium,8439,1556,2020,5,80
2020-05,Bulgaria,978,74,2020,5,55.3
2020-05,Croatia,170,34,2020,5,42
2020-05,Cyprus,94,2,2020,5,75.8
2020-05,Czechia,1620,76,2020,5,71
2020-05,Denmark,1240,51,2020,5,54.9
2020-05,Estonia,175,11,2020,5,71.2
2020-05,Finland,1564,45,2020,5,35.8
2020-05,France,22172,4419,2020,5,27.5
2020-05,Germany,19776,698,2020,5,43.4
2020-05,Greece,326,35,2020,5,32
2020-05,Hungary,1101,214,2020,5,79
2020-05,Iceland,9,0,2020,5,34.4
2020-05,Ireland,4378,419,2020,5,131.1
2020-05,Italy,27556,5448,2020,5,29.5
2020-05,Latvia,208,9,2020,5,60.4
2020-05,Liechtenstein,0,0,2020,5,:
2020-05,Lithuania,295,23,2020,5,73.5
2020-05,Luxembourg,149,18,2020,5,204.7
2020-05,Malta,153,5,2020,5,152.2
2020-05,Netherlands,7137,1158,2020,5,77.9
2020-05,Norway,653,34,2020,5,32.2
2020-05,Poland,10909,420,2020,5,55.9
2020-05,Portugal,8775,345,2020,5,37
2020-05,Romania,7017,549,2020,5,37.2
2020-05,Slovakia,119,5,2020,5,85.4
2020-05,Slovenia,39,17,2020,5,77.9
2020-05,Spain,15119,3048,2020,5,30.6
2020-05,Sweden,17053,1746,2020,5,43.8
2020-06,Austria,1132,66,2020,6,51.4
2020-06,Belgium,3020,281,2020,6,80
2020-06,Bulgaria,2470,83,2020,6,55.3
2020-06,Croatia,531,4,2020,6,42
2020-06,Cyprus,54,2,2020,6,75.8
2020-06,Czechia,2703,29,2020,6,71
2020-06,Denmark,1099,31,2020,6,54.9
2020-06,Estonia,120,2,2020,6,71.2
2020-06,Finland,283,4,2020,6,35.8
2020-06,France,13048,1041,2020,6,27.5
2020-06,Germany,12919,145,2020,6,43.4
2020-06,Greece,492,17,2020,6,32
2020-06,Hungary,279,59,2020,6,79
2020-06,Iceland,16,0,2020,6,34.4
2020-06,Ireland,483,85,2020,6,131.1
2020-06,Italy,7559,1352,2020,6,29.5
2020-06,Latvia,52,5,2020,6,60.4
2020-06,Liechtenstein,0,0,2020,6,:
2020-06,Lithuania,141,6,2020,6,73.5
2020-06,Luxembourg,273,0,2020,6,204.7
2020-06,Malta,52,0,2020,6,152.2
2020-06,Netherlands,3851,163,2020,6,77.9
2020-06,Norway,456,13,2020,6,32.2
2020-06,Poland,10607,399,2020,6,55.9
2020-06,Portugal,10059,150,2020,6,37
2020-06,Romania,7713,385,2020,6,37.2
2020-06,Slovakia,165,0,2020,6,85.4
2020-06,Slovenia,139,3,2020,6,77.9
2020-06,Spain,10595,605,2020,6,30.6
2020-06,Sweden,29206,854,2020,6,43.8
2020-07,Austria,3407,45,2020,7,51.4
2020-07,Belgium,8290,81,2020,7,80
2020-07,Bulgaria,6701,151,2020,7,55.3
2020-07,Croatia,2361,38,2020,7,42
2020-07,Cyprus,116,0,2020,7,75.8
2020-07,Czechia,4596,35,2020,7,71
2020-07,Denmark,1021,10,2020,7,54.9
2020-07,Estonia,81,0,2020,7,71.2
2020-07,Finland,216,3,2020,7,35.8
2020-07,France,23118,422,2020,7,27.5
2020-07,Germany,15194,143,2020,7,43.4
2020-07,Greece,1068,14,2020,7,32
2020-07,Hungary,350,11,2020,7,79
2020-07,Iceland,71,0,2020,7,34.4
2020-07,Ireland,592,27,2020,7,131.1
2020-07,Italy,6959,374,2020,7,29.5
2020-07,Latvia,113,2,2020,7,60.4
2020-07,Liechtenstein,6,0,2020,7,:
2020-07,Lithuania,279,2,2020,7,73.5
2020-07,Luxembourg,2071,6,2020,7,204.7
2020-07,Malta,154,0,2020,7,152.2
2020-07,Netherlands,4184,59,2020,7,77.9
2020-07,Norway,414,6,2020,7,32.2
2020-07,Poland,11295,253,2020,7,55.9
2020-07,Portugal,9281,159,2020,7,37
2020-07,Romania,23916,692,2020,7,37.2
2020-07,Slovakia,650,1,2020,7,85.4
2020-07,Slovenia,560,8,2020,7,77.9
2020-07,Spain,53449,191,2020,7,30.6
2020-07,Sweden,9077,246,2020,7,43.8
2020-08,Austria,6390,50,2020,8,51.4
2020-08,Belgium,15756,196,2020,8,80
2020-08,Bulgaria,4576,239,2020,8,55.3
2020-08,Croatia,5131,41,2020,8,42
2020-08,Cyprus,374,1,2020,8,75.8
2020-08,Czechia,8065,45,2020,8,71
2020-08,Denmark,3196,9,2020,8,54.9
2020-08,Estonia,322,1,2020,8,71.2
2020-08,Finland,765,3,2020,8,35.8
2020-08,France,93106,366,2020,8,27.5
2020-08,Germany,34504,120,2020,8,43.4
2020-08,Greece,5840,60,2020,8,32
2020-08,Hungary,1634,19,2020,8,79
2020-08,Iceland,223,0,2020,8,34.4
2020-08,Ireland,2746,14,2020,8,131.1
2020-08,Italy,21677,342,2020,8,29.5
2020-08,Latvia,165,2,2020,8,60.4
2020-08,Liechtenstein,19,0,2020,8,:
2020-08,Lithuania,857,6,2020,8,73.5
2020-08,Luxembourg,1137,8,2020,8,204.7
2020-08,Malta,1059,3,2020,8,152.2
2020-08,Netherlands,16339,75,2020,8,77.9
2020-08,Norway,1654,9,2020,8,32.2
2020-08,Poland,21684,323,2020,8,55.9
2020-08,Portugal,7479,89,2020,8,37
2020-08,Romania,36654,1278,2020,8,37.2
2020-08,Slovakia,1652,4,2020,8,85.4
2020-08,Slovenia,753,14,2020,8,77.9
2020-08,Spain,208333,1162,2020,8,30.6
2020-08,Sweden,7456,70,2020,8,43.8
2020-09,Austria,18269,97,2020,9,51.4
2020-09,Belgium,39788,135,2020,9,80
2020-09,Bulgaria,4567,200,2020,9,55.3
2020-09,Croatia,6324,94,2020,9,42
2020-09,Cyprus,267,2,2020,9,75.8
2020-09,Czechia,46137,248,2020,9,71
2020-09,Denmark,11013,26,2020,9,54.9
2020-09,Estonia,1057,1,2020,9,71.2
2020-09,Finland,2157,14,2020,9,35.8
2020-09,France,282510,1321,2020,9,27.5
2020-09,Germany,49293,341,2020,9,43.4
2020-09,Greece,8158,125,2020,9,32
2020-09,Hungary,20322,150,2020,9,79
2020-09,Iceland,579,0,2020,9,34.4
2020-09,Ireland,7344,27,2020,9,131.1
2020-09,Italy,45647,411,2020,9,29.5
2020-09,Latvia,428,3,2020,9,60.4
2020-09,Liechtenstein,11,0,2020,9,:
2020-09,Lithuania,2010,8,2020,9,73.5
2020-09,Luxembourg,1887,1,2020,9,204.7
2020-09,Malta,1175,22,2020,9,152.2
2020-09,Netherlands,50007,187,2020,9,77.9
2020-09,Norway,3219,10,2020,9,32.2
2020-09,Poland,24142,474,2020,9,55.9
2020-09,Portugal,17693,153,2020,9,37
2020-09,Romania,40032,1204,2020,9,37.2
2020-09,Slovakia,6949,15,2020,9,85.4
2020-09,Slovenia,2941,17,2020,9,77.9
2020-09,Spain,313750,3316,2020,9,30.6
2020-09,Sweden,9441,53,2020,9,43.8
2020-10,Austria,66130,520,2020,10,51.4
2020-10,Belgium,325628,1856,2020,10,80
2020-10,Bulgaria,32011,441,2020,10,55.3
2020-10,Croatia,32723,266,2020,10,42
2020-10,Cyprus,2611,4,2020,10,75.8
2020-10,Czechia,264347,2929,2020,10,71
2020-10,Denmark,18353,71,2020,10,54.9
2020-10,Estonia,1527,8,2020,10,71.2
2020-10,Finland,6158,21,2020,10,35.8
2020-10,France,804090,4832,2020,10,27.5
2020-10,Germany,252749,3246,2020,10,43.4
2020-10,Greece,20776,235,2020,10,32
2020-10,Hungary,48860,985,2020,10,79
2020-10,Iceland,2195,2,2020,10,34.4
2020-10,Ireland,25301,109,2020,10,131.1
2020-10,Italy,364569,2724,2020,10,29.5
2020-10,Latvia,4070,34,2020,10,60.4
2020-10,Liechtenstein,433,1,2020,10,:
2020-10,Lithuania,11975,78,2020,10,73.5
2020-10,Luxembourg,10182,36,2020,10,204.7
2020-10,Malta,2984,28,2020,10,152.2
2020-10,Netherlands,229556,991,2020,10,77.9
2020-10,Norway,7000,8,2020,10,32.2
2020-10,Poland,271217,3118,2020,10,55.9
2020-10,Portugal,62284,571,2020,10,37
2020-10,Romania,113767,2143,2020,10,37.2
2020-10,Slovakia,52142,171,2020,10,85.4
2020-10,Slovenia,29796,188,2020,10,77.9
2020-10,Spain,490866,5417,2020,10,30.6
2020-10,Sweden,38192,151,2020,10,43.8
2020-11,Austria,172297,2817,2020,11,51.4
2020-11,Belgium,132146,5066,2020,11,80
2020-11,Bulgaria,92456,2560,2020,11,55.3
2020-11,Croatia,79126,1240,2020,11,42
2020-11,Cyprus,6199,23,2020,11,75.8
2020-11,Czechia,188226,5005,2020,11,71
2020-11,Denmark,34130,116,2020,11,54.9
2020-11,Estonia,7509,47,2020,11,71.2
2020-11,Finland,9552,102,2020,11,35.8
2020-11,France,854863,15942,2020,11,27.5
2020-11,Germany,528966,11940,2020,11,43.4
2020-11,Greece,66020,1780,2020,11,32
2020-11,Hungary,141801,3073,2020,11,79
2020-11,Iceland,523,15,2020,11,34.4
2020-11,Ireland,11088,140,2020,11,131.1
2020-11,Italy,922124,16958,2020,11,29.5
2020-11,Latvia,11181,135,2020,11,60.4
2020-11,Liechtenstein,632,12,2020,11,:
2020-11,Lithuania,46873,486,2020,11,73.5
2020-11,Luxembourg,16305,179,2020,11,204.7
2020-11,Malta,3831,75,2020,11,152.2
2020-11,Netherlands,171964,1964,2020,11,77.9
2020-11,Norway,15491,50,2020,11,32.2
2020-11,Poland,628080,11519,2020,11,55.9
2020-11,Portugal,142957,2033,2020,11,37
2020-11,Romania,234023,4363,2020,11,37.2
2020-11,Slovakia,61238,649,2020,11,85.4
2020-11,Slovenia,41508,1097,2020,11,77.9
2020-11,Spain,383035,9234,2020,11,30.6
2020-11,Sweden,129005,1230,2020,11,43.8
2020-12,Austria,76514,3296,2020,12,51.4
2020-12,Belgium,66448,2775,2020,12,80
2020-12,Bulgaria,56966,3701,2020,12,55.3
2020-12,Croatia,82395,2134,2020,12,42
2020-12,Cyprus,12086,79,2020,12,75.8
2020-12,Czechia,209571,3408,2020,12,71
2020-12,Denmark,82998,461,2020,12,54.9
2020-12,Estonia,15912,113,2020,12,71.2
2020-12,Finland,10561,146,2020,12,35.8
2020-12,France,397937,11900,2020,12,27.5
2020-12,Germany,678862,26030,2020,12,43.4
2020-12,Greece,33579,2432,2020,12,32
2020-12,Hungary,105392,4714,2020,12,79
2020-12,Iceland,341,2,2020,12,34.4
2020-12,Ireland,19235,184,2020,12,131.1
2020-12,Italy,505612,18583,2020,12,29.5
2020-12,Latvia,23829,429,2020,12,60.4
2020-12,Liechtenstein,992,25,2020,12,:
2020-12,Lithuania,84068,1201,2020,12,73.5
2020-12,Luxembourg,11670,169,2020,12,204.7
2020-12,Malta,2901,82,2020,12,152.2
2020-12,Netherlands,273441,2043,2020,12,77.9
2020-12,Norway,13544,104,2020,12,32.2
2020-12,Poland,304067,11404,2020,12,55.9
2020-12,Portugal,118689,2397,2020,12,37
2020-12,Romania,156901,4436,2020,12,37.2
2020-12,Slovakia,160774,1382,2020,12,85.4
2020-12,Slovenia,46864,1269,2020,12,77.9
2020-12,Spain,306874,5764,2020,12,30.6
2020-12,Sweden,193720,2591,2020,12,43.8
2021-01,Austria,50743,1854,2021,1,56.6
2021-01,Belgium,60059,1567,2021,1,85.5
2021-01,Bulgaria,16482,1513,2021,1,63
2021-01,Croatia,21589,1107,2021,1,51.5
2021-01,Cyprus,8225,81,2021,1,81
2021-01,Czechia,256872,4857,2021,1,72.6
2021-01,Denmark,34993,827,2021,1,59.6
2021-01,Estonia,16194,189,2021,1,80.5
2021-01,Finland,9382,105,2021,1,38.9
2021-01,France,576689,11425,2021,1,29.4
2021-01,Germany,467211,19480,2021,1,47.3
2021-01,Greece,18107,958,2021,1,40.6
2021-01,Hungary,45072,2987,2021,1,81.3
2021-01,Iceland,246,0,2021,1,38.1
2021-01,Ireland,104768,1070,2021,1,134.8
2021-01,Italy,445866,14357,2021,1,32.7
2021-01,Latvia,25337,560,2021,1,64.1
2021-01,Liechtenstein,322,13,2021,1,:
2021-01,Lithuania,36873,1002,2021,1,80.4
2021-01,Luxembourg,3896,79,2021,1,212.1
2021-01,Malta,5129,48,2021,1,149.2
2021-01,Netherlands,182033,2576,2021,1,83.6
2021-01,Norway,13176,121,2021,1,41.6
2021-01,Poland,218507,8626,2021,1,60.7
2021-01,Portugal,288555,5805,2021,1,42
2021-01,Romania,96480,2568,2021,1,40.8
2021-01,Slovakia,154246,2461,2021,1,93.9
2021-01,Slovenia,42887,799,2021,1,83.5
2021-01,Spain,894403,11658,2021,1,34.9
2021-01,Sweden,120159,2413,2021,1,45.4
2021-02,Austria,44752,996,2021,2,56.6
2021-02,Belgium,59429,983,2021,2,85.5
2021-02,Bulgaria,28290,1139,2021,2,63
2021-02,Croatia,10547,499,2021,2,51.5
2021-02,Cyprus,3831,36,2021,2,81
2021-02,Czechia,253431,4164,2021,2,72.6
2021-02,Denmark,12723,236,2021,2,59.6
2021-02,Estonia,22020,178,2021,2,80.5
2021-02,Finland,12711,83,2021,2,38.9
2021-02,France,558854,10397,2021,2,29.4
2021-02,Germany,224213,6619,2021,2,47.3
2021-02,Greece,34143,708,2021,2,40.6
2021-02,Hungary,61013,2450,2021,2,81.3
2021-02,Iceland,58,0,2021,2,38.1
2021-02,Ireland,23405,1012,2021,2,134.8
2021-02,Italy,372233,9183,2021,2,32.7
2021-02,Latvia,19945,423,2021,2,64.1
2021-02,Liechtenstein,78,2,2021,2,:
2021-02,Lithuania,14605,421,2021,2,80.4
2021-02,Luxembourg,4775,54,2021,2,212.1
2021-02,Malta,4579,48,2021,2,149.2
2021-02,Netherlands,110169,1575,2021,2,83.6
2021-02,Norway,8723,65,2021,2,41.6
2021-02,Poland,193601,6589,2021,2,60.7
2021-02,Portugal,90356,3557,2021,2,42
2021-02,Romania,73251,2015,2021,2,40.8
2021-02,Slovakia,152810,2559,2021,2,93.9
2021-02,Slovenia,23504,340,2021,2,83.5
2021-02,Spain,262210,8798,2021,2,34.9
2021-02,Sweden,91180,792,2021,2,45.4
2021-03,Austria,87562,976,2021,3,56.6
2021-03,Belgium,117098,819,2021,3,85.5
2021-03,Bulgaria,95595,2901,2021,3,63
2021-03,Croatia,28659,421,2021,3,51.5
2021-03,Cyprus,11157,29,2021,3,81
2021-03,Czechia,300799,6093,2021,3,72.6
2021-03,Denmark,19408,58,2021,3,59.6
2021-03,Estonia,40917,307,2021,3,80.5
2021-03,Finland,20076,99,2021,3,38.9
2021-03,France,888455,9212,2021,3,29.4
2021-03,Germany,394205,5768,2021,3,47.3
2021-03,Greece,72589,1589,2021,3,40.6
2021-03,Hungary,223834,5763,2021,3,81.3
2021-03,Iceland,147,0,2021,3,38.1
2021-03,Ireland,15902,368,2021,3,134.8
2021-03,Italy,658179,11647,2021,3,32.7
2021-03,Latvia,16177,281,2021,3,64.1
2021-03,Liechtenstein,100,2,2021,3,:
2021-03,Lithuania,17519,320,2021,3,80.4
2021-03,Luxembourg,6475,114,2021,3,212.1
2021-03,Malta,6551,77,2021,3,149.2
2021-03,Netherlands,183950,977,2021,3,83.6
2021-03,Norway,24870,51,2021,3,41.6
2021-03,Poland,614731,9276,2021,3,60.7
2021-03,Portugal,28428,502,2021,3,42
2021-03,Romania,150809,3188,2021,3,40.8
2021-03,Slovakia,118288,2520,2021,3,93.9
2021-03,Slovenia,26698,204,2021,3,83.5
2021-03,Spain,168676,3057,2021,3,34.9
2021-03,Sweden,146926,586,2021,3,45.4
2021-04,Austria,71523,987,2021,4,56.6
2021-04,Belgium,105097,1207,2021,4,85.5
2021-04,Bulgaria,61747,3300,2021,4,63
2021-04,Croatia,60551,1134,2021,4,51.5
2021-04,Cyprus,20045,63,2021,4,81
2021-04,Czechia,93699,2579,2021,4,72.6
2021-04,Denmark,20825,66,2021,4,59.6
2021-04,Estonia,15167,258,2021,4,80.5
2021-04,Finland,8738,52,2021,4,38.9
2021-04,France,972266,8874,2021,4,29.4
2021-04,Germany,563034,6631,2021,4,47.3
2021-04,Greece,81344,2288,2021,4,40.6
2021-04,Hungary,126915,6803,2021,4,81.3
2021-04,Iceland,267,0,2021,4,38.1
2021-04,Ireland,13016,216,2021,4,134.8
2021-04,Italy,439209,11461,2021,4,32.7
2021-04,Latvia,16195,232,2021,4,64.1
2021-04,Liechtenstein,261,1,2021,4,:
2021-04,Lithuania,31693,357,2021,4,80.4
2021-04,Luxembourg,5476,43,2021,4,212.1
2021-04,Malta,1259,21,2021,4,149.2
2021-04,Netherlands,223706,612,2021,4,83.6
2021-04,Norway,16631,83,2021,4,41.6
2021-04,Poland,470425,14457,2021,4,60.7
2021-04,Portugal,17906,117,2021,4,42
2021-04,Romania,102462,4571,2021,4,40.8
2021-04,Slovakia,44811,1942,2021,4,93.9
2021-04,Slovenia,24331,203,2021,4,83.5
2021-04,Spain,240685,2314,2021,4,34.9
2021-04,Sweden,165707,575,2021,4,45.4
2021-05,Austria,25055,475,2021,5,56.6
2021-05,Belgium,69300,709,2021,5,85.5
2021-05,Bulgaria,14197,1294,2021,5,63
2021-05,Croatia,23998,945,2021,5,51.5
2021-05,Cyprus,6548,57,2021,5,81
2021-05,Czechia,29097,672,2021,5,72.6
2021-05,Denmark,29799,31,2021,5,59.6
2021-05,Estonia,6881,91,2021,5,80.5
2021-05,Finland,5537,41,2021,5,38.9
2021-05,France,50635,5014,2021,5,29.4
2021-05,Germany,278589,2637,2021,5,47.3
2021-05,Greece,57273,1714,2021,5,40.6
2021-05,Hungary,25190,2193,2021,5,81.3
2021-05,Iceland,83,0,2021,5,38.1
2021-05,Ireland,13173,38,2021,5,134.8
2021-05,Italy,195168,5321,2021,5,32.7
2021-05,Latvia,14641,245,2021,5,64.1
2021-05,Liechtenstein,76,1,2021,5,:
2021-05,Lithuania,26088,342,2021,5,80.4
2021-05,Luxembourg,2625,18,2021,5,212.1
2021-05,Malta,243,6,2021,5,149.2
2021-05,Netherlands,153082,478,2021,5,83.6
2021-05,Norway,12091,27,2021,5,41.6
2021-05,Poland,80141,6243,2021,5,60.7
2021-05,Portugal,15702,49,2021,5,42
2021-05,Romania,22472,2203,2021,5,40.8
2021-05,Slovakia,16130,621,2021,5,93.9
2021-05,Slovenia,12682,125,2021,5,83.5
2021-05,Spain,150434,1426,2021,5,34.9
2021-05,Sweden,94105,365,2021,5,45.4
2021-06,Austria,5712,137,2021,6,56.6
2021-06,Belgium,19506,202,2021,6,85.5
2021-06,Bulgaria,3252,387,2021,6,63
2021-06,Croatia,3691,180,2021,6,51.5
2021-06,Cyprus,3403,17,2021,6,81
2021-06,Czechia,5435,83,2021,6,72.6
2021-06,Denmark,12450,18,2021,6,59.6
2021-06,Estonia,1408,13,2021,6,80.5
2021-06,Finland,3333,9,2021,6,38.9
2021-06,France,107977,1554,2021,6,29.4
2021-06,Germany,46728,270,2021,6,47.3
2021-06,Greece,20150,592,2021,6,40.6
2021-06,Hungary,3590,259,2021,6,81.3
2021-06,Iceland,99,1,2021,6,38.1
2021-06,Ireland,10293,57,2021,6,134.8
2021-06,Italy,42088,1438,2021,6,32.7
2021-06,Latvia,4230,137,2021,6,64.1
2021-06,Liechtenstein,27,1,2021,6,:
2021-06,Lithuania,4029,103,2021,6,80.4
2021-06,Luxembourg,911,2,2021,6,212.1
2021-06,Malta,88,1,2021,6,149.2
2021-06,Netherlands,36123,121,2021,6,83.6
2021-06,Norway,5965,11,2021,6,41.6
2021-06,Poland,7629,1276,2021,6,60.7
2021-06,Portugal,32876,76,2021,6,42
2021-06,Romania,3055,3474,2021,6,40.8
2021-06,Slovakia,3710,158,2021,6,93.9
2021-06,Slovenia,3310,44,2021,6,83.5
2021-06,Spain,144579,603,2021,6,34.9
2021-06,Sweden,17676,85,2021,6,45.4
2021-07,Austria,9085,64,2021,7,56.6
2021-07,Belgium,39961,70,2021,7,85.5
2021-07,Bulgaria,3225,162,2021,7,63
2021-07,Croatia,3743,53,2021,7,51.5
2021-07,Cyprus,26086,52,2021,7,81
2021-07,Czechia,6060,16,2021,7,72.6
2021-07,Denmark,23130,15,2021,7,59.6
2021-07,Estonia,2581,4,2021,7,80.5
2021-07,Finland,11650,22,2021,7,38.9
2021-07,France,351718,792,2021,7,29.4
2021-07,Germany,44169,172,2021,7,47.3
2021-07,Greece,70848,253,2021,7,40.6
2021-07,Hungary,1363,34,2021,7,81.3
2021-07,Iceland,1397,0,2021,7,38.1
2021-07,Ireland,28640,37,2021,7,134.8
2021-07,Italy,90119,497,2021,7,32.7
2021-07,Latvia,1434,43,2021,7,64.1
2021-07,Liechtenstein,46,0,2021,7,:
2021-07,Lithuania,4194,25,2021,7,80.4
2021-07,Luxembourg,3091,4,2021,7,212.1
2021-07,Malta,3672,3,2021,7,149.2
2021-07,Netherlands,180349,82,2021,7,83.6
2021-07,Norway,6506,5,2021,7,41.6
2021-07,Poland,3027,240,2021,7,60.7
2021-07,Portugal,94234,272,2021,7,42
2021-07,Romania,2397,495,2021,7,40.8
2021-07,Slovakia,1456,29,2021,7,93.9
2021-07,Slovenia,1908,10,2021,7,83.5
2021-07,Spain,704989,1163,2021,7,34.9
2021-07,Sweden,10132,16,2021,7,45.4
2021-08,Austria,30544,92,2021,8,56.6
2021-08,Belgium,59911,138,2021,8,85.5
2021-08,Bulgaria,30688,629,2021,8,63
2021-08,Croatia,10383,75,2021,8,51.5
2021-08,Cyprus,11929,101,2021,8,81
2021-08,Czechia,5745,28,2021,8,72.6
2021-08,Denmark,28886,35,2021,8,59.6
2021-08,Estonia,8701,20,2021,8,80.5
2021-08,Finland,20756,53,2021,8,38.9
2021-08,France,638689,2591,2021,8,29.4
2021-08,Germany,190985,941,2021,8,47.3
2021-08,Greece,94660,682,2021,8,40.6
2021-08,Hungary,2846,32,2021,8,81.3
2021-08,Iceland,2805,3,2021,8,38.1
2021-08,Ireland,51471,57,2021,8,134.8
2021-08,Italy,189963,1158,2021,8,32.7
2021-08,Latvia,3774,22,2021,8,64.1
2021-08,Liechtenstein,193,0,2021,8,:
2021-08,Lithuania,16534,156,2021,8,80.4
2021-08,Luxembourg,1918,7,2021,8,212.1
2021-08,Malta,1876,18,2021,8,149.2
2021-08,Netherlands,75652,184,2021,8,83.6
2021-08,Norway,23689,15,2021,8,41.6
2021-08,Poland,5731,84,2021,8,60.7
2021-08,Portugal,71483,382,2021,8,42
2021-08,Romania,15576,289,2021,8,40.8
2021-08,Slovakia,3567,8,2021,8,93.9
2021-08,Slovenia,8700,21,2021,8,83.5
2021-08,Spain,331147,3105,2021,8,34.9
2021-08,Sweden,26950,50,2021,8,45.4
2021-09,Austria,55614,289,2021,9,56.6
2021-09,Belgium,59709,225,2021,9,85.5
2021-09,Bulgaria,46420,1972,2021,9,63
2021-09,Croatia,30792,306,2021,9,51.5
2021-09,Cyprus,6397,44,2021,9,81
2021-09,Czechia,13027,47,2021,9,72.6
2021-09,Denmark,13103,72,2021,9,59.6
2021-09,Estonia,14710,67,2021,9,80.5
2021-09,Finland,14098,62,2021,9,38.9
2021-09,France,247724,2225,2021,9,29.4
2021-09,Germany,279127,1755,2021,9,47.3
2021-09,Greece,67803,1079,2021,9,40.6
2021-09,Hungary,10368,132,2021,9,81.3
2021-09,Iceland,983,0,2021,9,38.1
2021-09,Ireland,37485,157,2021,9,134.8
2021-09,Italy,132364,1700,2021,9,32.7
2021-09,Latvia,15654,139,2021,9,64.1
2021-09,Liechtenstein,170,1,2021,9,:
2021-09,Lithuania,33879,452,2021,9,80.4
2021-09,Luxembourg,2422,5,2021,9,212.1
2021-09,Malta,978,16,2021,9,149.2
2021-09,Netherlands,62117,160,2021,9,83.6
2021-09,Norway,27969,47,2021,9,41.6
2021-09,Poland,18401,305,2021,9,60.7
2021-09,Portugal,33262,223,2021,9,42
2021-09,Romania,134903,2471,2021,9,40.8
2021-09,Slovakia,25944,101,2021,9,93.9
2021-09,Slovenia,26398,111,2021,9,83.5
2021-09,Spain,78028,1457,2021,9,34.9
2021-09,Sweden,25925,182,2021,9,45.4
2021-10,Austria,91330,466,2021,10,56.6
2021-10,Belgium,136646,439,2021,10,85.5
2021-10,Bulgaria,100330,3106,2021,10,63
2021-10,Croatia,65558,580,2021,10,51.5
2021-10,Cyprus,4172,25,2021,10,81
2021-10,Czechia,73338,339,2021,10,72.6
2021-10,Denmark,28987,58,2021,10,59.6
2021-10,Estonia,38382,183,2021,10,80.5
2021-10,Finland,17158,129,2021,10,38.9
2021-10,France,153445,965,2021,10,29.4
2021-10,Germany,375291,3510,2021,10,47.3
2021-10,Greece,86403,1098,2021,10,40.6
2021-10,Hungary,40714,539,2021,10,81.3
2021-10,Iceland,1900,0,2021,10,38.1
2021-10,Ireland,55662,187,2021,10,134.8
2021-10,Italy,99610,1179,2021,10,32.7
2021-10,Latvia,60848,533,2021,10,64.1
2021-10,Liechtenstein,131,1,2021,10,:
2021-10,Lithuania,77440,905,2021,10,80.4
2021-10,Luxembourg,3757,11,2021,10,212.1
2021-10,Malta,506,4,2021,10,149.2
2021-10,Netherlands,128935,241,2021,10,83.6
2021-10,Norway,18298,39,2021,10,41.6
2021-10,Poland,118176,1349,2021,10,60.7
2021-10,Portugal,22232,184,2021,10,42
2021-10,Romania,414363,10710,2021,10,40.8
2021-10,Slovakia,96335,396,2021,10,93.9
2021-10,Slovenia,42790,184,2021,10,83.5
2021-10,Spain,50786,565,2021,10,34.9
2021-10,Sweden,20010,154,2021,10,45.4
2021-11,Austria,334260,1548,2021,11,56.6
2021-11,Belgium,416634,1029,2021,11,85.5
2021-11,Bulgaria,92565,4407,2021,11,63
2021-11,Croatia,137857,1679,2021,11,51.5
2021-11,Cyprus,10029,13,2021,11,81
2021-11,Czechia,406385,2463,2021,11,72.6
2021-11,Denmark,99618,181,2021,11,59.6
2021-11,Estonia,27806,265,2021,11,80.5
2021-11,Finland,29971,236,2021,11,38.9
2021-11,France,508627,1476,2021,11,29.4
2021-11,Germany,1322047,10567,2021,11,47.3
2021-11,Greece,196733,2159,2021,11,40.6
2021-11,Hungary,239689,3792,2021,11,81.3
2021-11,Iceland,4155,2,2021,11,38.1
2021-11,Ireland,124521,216,2021,11,134.8
2021-11,Italy,256582,1728,2021,11,32.7
2021-11,Latvia,34520,929,2021,11,64.1
2021-11,Liechtenstein,1117,0,2021,11,:
2021-11,Lithuania,61525,853,2021,11,80.4
2021-11,Luxembourg,7684,30,2021,11,212.1
2021-11,Malta,1782,7,2021,11,149.2
2021-11,Netherlands,510269,1001,2021,11,83.6
2021-11,Norway,63319,154,2021,11,41.6
2021-11,Poland,514814,6584,2021,11,60.7
2021-11,Portugal,59907,303,2021,11,42
2021-11,Romania,131636,8778,2021,11,40.8
2021-11,Slovakia,282502,1458,2021,11,93.9
2021-11,Slovenia,86054,479,2021,11,83.5
2021-11,Spain,182664,668,2021,11,34.9
2021-11,Sweden,33891,120,2021,11,45.4
2021-12,Austria,111279,1321,2021,12,56.6
2021-12,Belgium,332506,1169,2021,12,85.5
2021-12,Bulgaria,52051,2565,2021,12,63
2021-12,Croatia,107040,1639,2021,12,51.5
2021-12,Cyprus,32354,50,2021,12,81
2021-12,Czechia,307941,2995,2021,12,72.6
2021-12,Denmark,282604,306,2021,12,59.6
2021-12,Estonia,18955,117,2021,12,80.5
2021-12,Finland,87894,259,2021,12,38.9
2021-12,France,2297296,4610,2021,12,29.4
2021-12,Germany,1255689,8484,2021,12,47.3
2021-12,Greece,271950,2587,2021,12,40.6
2021-12,Hungary,153307,4665,2021,12,81.3
2021-12,Iceland,9165,2,2021,12,38.1
2021-12,Ireland,218444,260,2021,12,134.8
2021-12,Italy,1097136,3574,2021,12,32.7
2021-12,Latvia,23015,391,2021,12,64.1
2021-12,Liechtenstein,1471,8,2021,12,:
2021-12,Lithuania,49502,634,2021,12,80.4
2021-12,Luxembourg,15252,40,2021,12,212.1
2021-12,Malta,13033,9,2021,12,149.2
2021-12,Netherlands,489656,1507,2021,12,83.6
2021-12,Norway,126243,251,2021,12,41.6
2021-12,Poland,568154,13471,2021,12,60.7
2021-12,Portugal,260321,519,2021,12,42
2021-12,Romania,29224,2223,2021,12,40.8
2021-12,Slovakia,190205,2162,2021,12,93.9
2021-12,Slovenia,42494,365,2021,12,83.5
2021-12,Spain,1604885,2045,2021,12,34.9
2021-12,Sweden,129181,196,2021,12,45.4